"naam","omschrijving","categorie","gm","id"
"camera film","camera film","3","Nee","2592"
"camera foto","camera foto","3","Nee","2593"
"cd","cd","4","Nee","2594"
"consumptiebon","consumptiebon","10","Nee","2595"
"glas wijn","glas wijn","10","Nee","2597"
"groepslijsten","groepslijsten","10","Nee","2598"
"korfbalkorf op staander","korfbalpaal + mand","9","Nee","2599"
"kruiwagen","kruiwagen","3","Nee","2600"
"ren je rot vragen","ren je rot vragen","10","Nee","2602"
"roulette","roulette","9","Nee","2603"
"schuimrubber","schuimrubber","10","Nee","2604"
"brandslang 25 meter","brandslang 25 meter","1","Nee","2607"
"brandslang brug","brandslang brug","1","Nee","2608"
"brandslang spuitstuk","brandslang spuitstuk","1","Nee","2609"
"aggregaat 380","aggregaat 380","1","Ja","2610"
"bouwhek","bouwhek","3","Ja","2611"
"dixie","dixie","3","Nee","2612"
"steigermateriaal","steigermateriaal","3","Nee","2614"
"aggregaat","aggregaat","1","Nee","2615"
"dranghekken","dranghekken","1","Ja","2616"
"klikos","klikos","1","Ja","2617"
"vlaggemast 6 mtr","vlaggemast 6 mtr","1","Ja","2619"
"vlaggemast 9 mtr","vlaggemast 9 mtr","1","Ja","2620"
"slingers","slingers","3","Nee","2621"
"afwasmiddel","afwasmiddel","10","Nee","2622"
"afzetlint geel-zwart","afzetlint geel-zwart","10","Nee","2623"
"afzetlint rood-wit","afzetlint rood-wit","10","Nee","2624"
"aluminiumfolie rol","aluminiumfolie rol","10","Nee","2625"
"appels","appels","2","Nee","2626"
"azijn","azijn","5","Nee","2627"
"ballonnen blanco","ballonnen blanco","10","Nee","2628"
"batterijen AA","batterijen AA","10","Nee","2629"
"batterijen C3","batterijen C3","10","Nee","2630"
"behanglijm","behanglijm","10","Nee","2631"
"bekers AWPK","bekers AWPK","10","Nee","2632"
"bekers doorzichtig","bekers doorzichtig","10","Nee","2633"
"bekers karton","bekers karton","5","Nee","2634"
"bekers wegwerp","bekers wegwerp","10","Nee","2635"
"beschuiten (rol)","beschuiten (rol)","2","Nee","2636"
"bord wegwerp","bord wegwerp","10","Nee","2637"
"boter kuipje 500 gr","boter kuipje 500 gr","2","Nee","2639"
"boterhamzakjes","boterhamzakjes","10","Nee","2640"
"brood","brood","2","Nee","2641"
"broodjes","broodjes","2","Nee","2642"
"cake","cake","2","Nee","2643"
"champignons","champignons","2","Nee","2644"
"chocomel","chocomel","2","Nee","2645"
"citroen","citroen","2","Nee","2646"
"clownsneus","clownsneus","3","Nee","2647"
"cocktailprikkers","cocktailprikkers","5","Nee","2648"
"cocktailvruchtjes","cocktailvruchtjes","2","Nee","2649"
"crepe papier","crepe papier","10","Nee","2650"
"damastpapier","damastpapier","10","Nee","2651"
"diksap fles","diksap fles","2","Nee","2652"
"drank bier","drank bier","3","Ja","2653"
"drinken","drinken","2","Nee","2654"
"drop veter","drop veter","2","Nee","2655"
"fakkels","fakkels","1","Nee","2656"
"frietbakje","frietbakje","10","Nee","2657"
"frietzakje","frietzakje","10","Nee","2658"
"haargel","haargel","10","Nee","2659"
"hagelslag pak","hagelslag pak","2","Nee","2660"
"handschoen plastic","handschoen plastic","10","Nee","2661"
"houtskool per kg","houtskool per kg","10","Nee","2662"
"ijzerdraad rol","ijzerdraad rol","10","Nee","2664"
"inktpatroon printer","inktpatroon printer","3","Nee","2665"
"jam","jam","2","Nee","2666"
"kaas 500 gr","kaas 500 gr","2","Nee","2667"
"kaas hotel","kaas hotel","2","Nee","2668"
"ketchup fles","ketchup fles","2","Nee","2669"
"keukenrol","keukenrol","10","Nee","2670"
"kiwi","kiwi","2","Nee","2671"
"knakworsten","knakworsten","2","Nee","2672"
"knoflook","knoflook","2","Nee","2673"
"koekjes pak","koekjes pak","2","Nee","2674"
"koffie pak 500 gr","koffie pak 500 gr","2","Nee","2675"
"koffiemelk creamer pot","koffiemelk creamer pot","2","Nee","2676"
"komkommer","komkommer","2","Nee","2677"
"lepel plastic","lepel plastic","10","Nee","2678"
"macaronie","macaronie","2","Nee","2679"
"mandarijnen","mandarijnen","2","Nee","2680"
"marshmellows","marshmellows","2","Nee","2681"
"mayonaise fles","mayonaise fles","2","Nee","2682"
"meel","meel","10","Nee","2683"
"melk ltr","melk ltr","2","Nee","2684"
"mes plastic","mes plastic","10","Nee","2685"
"mosterd fles","mosterd fles","2","Nee","2686"
"nietjes","nietjes","10","Nee","2687"
"nootjes emmer","nootjes emmer","10","Nee","2688"
"papier kleur assorti","papier kleur assorti","5","Nee","2689"
"papier wit","papier wit","5","Nee","2690"
"peperkoek","peperkoek","2","Nee","2691"
"plakband klein rol","plakband klein rol","10","Nee","2692"
"poedersuiker bus","poedersuiker bus","2","Nee","2693"
"poffertjesmix pak","poffertjesmix pak","2","Nee","2694"
"popcorn mais","popcorn mais","2","Nee","2695"
"potgrond","potgrond","10","Nee","2696"
"punaise (doosje)","punaise (doosje)","5","Nee","2697"
"ranja","ranja","2","Nee","2698"
"ranja suikervrij","ranja suikervrij","2","Nee","2699"
"rijst","rijst","2","Nee","2700"
"roerstaafjes","roerstaafjes","10","Nee","2701"
"rozijnen","rozijnen","2","Nee","2702"
"scheermesje","scheermesje","5","Nee","2703"
"scheerschuim","scheerschuim","5","Nee","2704"
"schoonmaakmiddel","schoonmaakmiddel","3","Nee","2705"
"schoonmaakmiddel allesreiniger","schoonmaakmiddel allesreiniger","10","Nee","2706"
"schoonmaakmiddel chlorix","schoonmaakmiddel chlorix","10","Nee","2707"
"schoonmaakmiddel schuur","schoonmaakmiddel schuur","10","Nee","2708"
"schroeven","schroeven","10","Ja","2709"
"schuurspons","schuurspons","10","Nee","2710"
"serpetine","serpetine","10","Nee","2711"
"sinasappel","sinasappel","2","Nee","2712"
"slagerstouw","slagerstouw","10","Nee","2713"
"slagroom spuitbus","slagroom spuitbus","2","Nee","2714"
"snoep","snoep","2","Nee","2715"
"soep","soep","2","Nee","2716"
"spekjes","spekjes","2","Nee","2717"
"spijker","spijker","10","Nee","2718"
"splitpen","splitpen","10","Nee","2719"
"suiker klontjes doos","suiker klontjes doos","2","Nee","2720"
"suiker pak 1 kg","suiker pak 1 kg","2","Nee","2721"
"tampons","tampons","3","Nee","2722"
"tay ribs","tay ribs","10","Nee","2723"
"thee 4 gr","thee 4 gr","2","Nee","2724"
"thema voorwerp (KOPEN)","thema voorwerp (KOPEN)","10","Nee","2725"
"tomaten","tomaten","2","Nee","2726"
"touw hals","touw hals","10","Nee","2727"
"touw sisal","touw sisal","10","Nee","2728"
"ui","ui","2","Nee","2729"
"verf acryl","verf acryl","10","Nee","2730"
"verf latex","verf latex","10","Nee","2731"
"verf plakkaat","verf plakkaat","10","Nee","2732"
"verfbakjes","verfbakjes","10","Nee","2733"
"vork friet","vork friet","10","Nee","2734"
"vork plastic","vork plastic","10","Nee","2735"
"vruchtenhagel","vruchtenhagel","2","Nee","2736"
"vuilniszak komo","vuilniszak komo","10","Nee","2737"
"wc papier","wc papier","10","Nee","2738"
"zeep groene","zeep groene","10","Nee","2739"
"zeep toilet","zeep toilet","10","Nee","2740"
"afwasteil","afwasteil","3","Nee","2741"
"afzetlint reclame rol","afzetlint reclame rol","10","Nee","2742"
"auto binnenband","autobanden binnen","9","Nee","2743"
"auto buitenband","autobanden buiten","9","Nee","2744"
"badmintonracket","badmintonracket","9","Nee","2745"
"bal ballenbak","bal ballenbak","9","Nee","2746"
"bal basketbal","bal basketbal","9","Nee","2747"
"bal golf","bal golf","9","Nee","2748"
"bal gymnastiek opblaasbaar","bal gymnastiek opblaasbaar","9","Nee","2749"
"bal Medicin","bal Medicin","9","Nee","2750"
"bal panty","bal panty","9","Nee","2751"
"bal pingpong","bal pingpong","9","Nee","2752"
"bal tennis","bal tennis","9","Nee","2753"
"bal voetbal","bal voetbal","9","Nee","2754"
"bal zacht groot","bal zacht groot","9","Nee","2755"
"bal zacht klein","bal zacht klein","9","Nee","2756"
"balanceerwip","balanceerwip","9","Nee","2757"
"balletje balletje","balletje balletje","9","Nee","2758"
"ballonnen reclame","ballonnen reclame","10","Nee","2759"
"ballonnenpompje","ballonnenpompje","3","Nee","2760"
"bandenplaksetjes","bandenplaksetjes","3","Nee","2761"
"beamer","beamer","4","Nee","2762"
"bekers ikea","bekers ikea","3","Nee","2763"
"bekerspel","bekerspel","9","Nee","2764"
"bezem hard","bezem hard","3","Nee","2765"
"bezem zacht","bezem zacht","3","Nee","2766"
"bezemsteel","bezemsteel","3","Nee","2767"
"bierdopjes","bierdopjes","10","Nee","2768"
"bingo","bingo","9","Nee","2769"
"bingo kaarten","bingo kaarten","10","Nee","2770"
"blauwe ton","blauwe ton","3","Nee","2771"
"blikgooien","blikgooien","9","Nee","2772"
"loopklossen","blikloop","9","Nee","2774"
"blikopener","blikopener","3","Nee","2775"
"blinddoek","blinddoek","3","Nee","2776"
"blokpuzzel","blokpuzzel","9","Nee","2778"
"boerengolfset","boerengolfset","9","Nee","2779"
"borrel glaasje","borrel glaasje","3","Nee","2780"
"bouten","bouten","10","Nee","2781"
"bouwhelmen","bouwhelmen","3","Nee","2782"
"bouwlamp","bouwlamp","3","Nee","2783"
"brancard","brancard","3","Nee","2784"
"camouflage netten","camouflage netten","1","Nee","2786"
"casinospellen","casinospelen","9","Nee","2787"
"cd speler","cd speler","3","Nee","2789"
"clownskop","clownskop","9","Nee","2790"
"compressor","compressor","3","Nee","2791"
"cut bord","cut bord","3","Nee","2792"
"damspel groot","damspel groot","9","Nee","2793"
"decorplaat","decorplaat","3","Nee","2794"
"deur","deur","1","Nee","2795"
"diabolo","diabolo","9","Nee","2796"
"dienblad","dienblad","3","Nee","2797"
"dieren zenuwspel","dieren zenuwspel","9","Nee","2798"
"dobbelstenen groot","dobbelstenen groot","9","Nee","2799"
"dobbelstenen klein","dobbelstenen klein","9","Nee","2800"
"dozen karton","dozen karton","10","Nee","2802"
"dozen puzzle","dozen puzzle","10","Nee","2803"
"draagbare stoel","draagbare stoel","9","Nee","2804"
"drempel rvs","drempel rvs","3","Nee","2805"
"dweil","dweil","10","Nee","2806"
"EHBO doos","EHBO doos","3","Nee","2808"
"elastiek touw","elastiek touw","10","Nee","2809"
"elastiekjes","elastiekjes","10","Nee","2810"
"emmer normaal","emmer normaal","3","Nee","2811"
"enveloppen","enveloppen","10","Nee","2812"
"kussenmepspel (luchtkussen)","evenwichtsbalk (luchtkussen)","9","Ja","2814"
"fietsgroepsbordjes","fietsgroepsbordjes","1","Nee","2815"
"fietspomp","fietspomp","3","Nee","2816"
"fles plastic","fles plastic","3","Nee","2817"
"fluitje","fluitje","3","Nee","2818"
"frisbee","frisbee","9","Nee","2819"
"garenofwol","garenofwol","10","Nee","2820"
"gatenbal","gatenbal","9","Nee","2821"
"gatenbiljart","gatenbiljart","9","Nee","2822"
"gatenkaasspel","gatenkaasspel","9","Nee","2823"
"geluidsset","geluidsset","4","Nee","2824"
"geluidsset auto mobiel","geluidsset auto mobiel","4","Nee","2825"
"gereedsschapskist","gereedsschapskist","3","Nee","2826"
"gezelschapsspelen","gezelschapsspelen","9","Nee","2827"
"glas bier","glas bier","10","Nee","2828"
"glas borrel","glas borrel","10","Nee","2829"
"glijzeil","glijzeil","9","Nee","2830"
"golfplaat","golfplaat","3","Nee","2831"
"gordijn","gordijn","10","Nee","2832"
"goud blokje","goud blokje","3","Nee","2833"
"goudklompje","goudklompje","3","Nee","2834"
"groente nep","groente nep","3","Nee","2835"
"groepsbord COS","groepsbord COS","3","Nee","2836"
"groepsbordje","groepsbordje","3","Nee","2837"
"groepszak","groepszak","3","Nee","2838"
"grondboor","grondboor","3","Nee","2839"
"gymkast","gymkast","9","Ja","2840"
"gymtegel","gymtegel","9","Nee","2841"
"hamer","hamer","3","Nee","2842"
"handdoek","handdoek","3","Nee","2843"
"haring ijzer","haring ijzer","3","Nee","2844"
"hark","hark","3","Nee","2845"
"helmen","helmen","1","Nee","2846"
"hesje oranje","hesje oranje","3","Nee","2847"
"hobbelfiets","hobbelfiets","9","Nee","2848"
"hockeystick uneyhockey","hockeystick uneyhockey","9","Nee","2849"
"hoefijzer","hoefijzer","3","Nee","2850"
"hoefijzer ringwerpspel","hoefijzer ringwerpspel","9","Nee","2851"
"hoefijzerwerpspel","hoefijzerwerpspel","9","Nee","2852"
"hoepel","hoepel","9","Nee","2853"
"hoger lager kaarten","hoger lager kaarten","9","Nee","2854"
"honkbalset","honkbalset","9","Nee","2855"
"hout balk","hout balk","10","Nee","2856"
"hout hardboard","hout hardboard","10","Nee","2857"
"hout panlatten","hout panlatten","10","Nee","2858"
"hout plank","hout plank","10","Nee","2859"
"hout sloop","hout sloop","10","Nee","2860"
"hout vloerplaat","hout vloerplaat","3","Nee","2861"
"hout zaagplaat","hout zaagplaat","10","Nee","2862"
"houtblok spijkerslaan","houtblok spijkerslaan","9","Nee","2863"
"ijsstokjes","ijsstokjes","10","Nee","2864"
"indiaca","indiaca","9","Nee","2865"
"jenga groot","jenga groot","9","Nee","2866"
"jeu de boules","jeu de boules","9","Nee","2867"
"jute zak","jute zak","3","Nee","2868"
"kaarten stok","kaarten stok","9","Nee","2869"
"kampvuurpaaltje","kampvuurpaaltje","3","Nee","2870"
"kandelaar","kandelaar","8","Nee","2871"
"kapstok","kapstok","8","Nee","2872"
"karton plaat","karton plaat","10","Nee","2873"
"karton rol (tapijt)","karton rol (tapijt)","10","Nee","2874"
"karton rol (wc rol)","karton rol (wc rol)","10","Nee","2875"
"kassa","kassa","3","Nee","2876"
"kegelbaan","kegelbaan","9","Nee","2877"
"kegels","kegels","9","Nee","2878"
"kegelspel","kegelspel","9","Nee","2879"
"ketting","ketting","3","Nee","2880"
"kist","kist","3","Nee","2881"
"kleding","kleding","3","Nee","2882"
"kleding reserve","kleding reserve","3","Nee","2883"
"kleed","kleed","3","Nee","2884"
"kleefdoek","kleefdoek","9","Nee","2885"
"kleurplaat","kleurplaat","10","Nee","2886"
"kleurpotlood","kleurpotlood","3","Nee","2887"
"klok","klok","8","Nee","2888"
"knikker","knikker","9","Nee","2889"
"knikkerdoolhof","knikkerdoolhof","9","Nee","2890"
"knotshockey","knotshockey","9","Nee","2891"
"knutselmateriaal","knutselmateriaal","10","Nee","2892"
"koffiezet apparaat 80 kops","koffiezet apparaat 80 kops","1","Nee","2893"
"koffiezetapparaat","koffiezetapparaat","1","Nee","2894"
"koppeling slang","koppeling slang","3","Nee","2895"
"kraaltjes","kraaltjes","10","Nee","2896"
"krat fris leeg","krat fris leeg","3","Ja","2899"
"krat wit","krat wit","3","Nee","2900"
"krijt","krijt","10","Nee","2901"
"krijt bord klein","krijt bord klein","10","Nee","2902"
"krijt stoep","krijt stoep","10","Nee","2903"
"krijtbord groot","krijtbord groot","3","Nee","2904"
"kruiptunnel","kruiptunnel","9","Nee","2905"
"kruisje rondje groot","kruisje rondje groot","9","Nee","2906"
"kurken","kurken","10","Nee","2907"
"kussen","kussen","3","Nee","2908"
"kwasten","kwasten","3","Nee","2909"
"ladder","ladder","3","Nee","2910"
"laken","laken","10","Nee","2911"
"laptop","laptop","4","Nee","2912"
"legpuzzel","legpuzzel hout","9","Nee","2913"
"lepel ijzer","lepel ijzer","3","Nee","2914"
"lijmpotje","lijmpotje","3","Nee","2915"
"loopskis (paar)","loopskis (paar)","9","Nee","2919"
"loopwipje","loopwipje","9","Nee","2920"
"springkussen","luchtkussen","9","Ja","2921"
"lucifers","lucifers","10","Nee","2922"
"schrobbers","schrobbers","3","Nee","2923"
"make up spullen","make up spullen","10","Nee","2924"
"gymmat dik","matten dik","9","Ja","2926"
"gymmat dun","matten dun","9","Ja","2927"
"meetlint","meetlint","3","Nee","2928"
"megafoon","megafoon","4","Nee","2929"
"memory zomerspelen  algemeen","memory spel","9","Nee","2930"
"microfoon draadloos","microfoon draadloos","4","Nee","2931"
"mikado groot","mikado groot","9","Nee","2932"
"moer","moer","10","Nee","2933"
"muizenmepspel","muizenmepspel","9","Nee","2934"
"muntje plons","muntje plons","9","Nee","2935"
"muntjes","muntjes","3","Nee","2936"
"muziekinstrumenten","muziekinstrumenten","3","Nee","2937"
"naamkaartjes","naamkaartjes","3","Nee","2938"
"nietmachine","nietmachine","3","Nee","2939"
"nijptang","nijptang","3","Nee","2940"
"nummerblokken","nummerblokken","9","Nee","2941"
"oliedrum","oliedrum","3","Nee","2942"
"omgooibordjes","omgooibordjes","3","Nee","2943"
"opblaas boot","opblaas boot","1","Nee","2944"
"pallet decor","pallet decor","3","Nee","2946"
"pallets hutten","pallets hutten","10","Nee","2947"
"papier knutsel","papier knutsel","10","Nee","2948"
"parachute","parachute","9","Nee","2949"
"paspop","paspop","3","Nee","2950"
"perforator","perforator","3","Nee","2951"
"pingpongbal overbrengspel","pingpongbal overbrengspel","9","Nee","2952"
"pionnen","pionnen","9","Nee","2953"
"plakband breed rol","plakband breed rol","10","Nee","2954"
"plinko","plinko","9","Nee","2955"
"podiumdeel","podiumdeel","3","Nee","2956"
"poffertjespan","poffertjespan","3","Nee","2957"
"pokerset","pokerset","9","Nee","2958"
"prikkabel","prikkabel","3","Nee","2959"
"printer","printer","3","Nee","2960"
"puntenslijper","puntenslijper","3","Nee","2961"
"pvc buis","pvc buis","10","Nee","2962"
"rad van fortuin","rad van fortuin","9","Nee","2963"
"ren je rot borden","ren je rot borden","9","Nee","2964"
"rietjes","rietjes","10","Nee","2965"
"ringen ringwerpen","ringen ringwerpen","9","Nee","2966"
"ringwerpspel","ringwerpspel","9","Nee","2967"
"rode loper","rode loper","3","Nee","2968"
"rolstoel","rolstoel","1","Nee","2969"
"Rookmachine klein","Rookmachine klein","4","Nee","2970"
"satestokjes lang","satestokjes lang","10","Nee","2971"
"schaar groot","schaar groot","3","Nee","2972"
"schaar kleuter","schaar kleuter","3","Nee","2973"
"schandpaal of schavot","schandpaal of schavot","9","Nee","2974"
"schatkist","schatkist","3","Nee","2975"
"schelpen","schelpen","3","Nee","2976"
"schep","schep","3","Nee","2977"
"schmink extra","schmink extra","10","Nee","2978"
"schminkkoffer","schminkkoffer","10","Nee","2979"
"schorten","schorten","3","Nee","2980"
"scoops","scoops","9","Nee","2982"
"servetten","servetten","10","Nee","2983"
"shutle","shutle","9","Nee","2984"
"sjablonen","sjablonen","1","Nee","2985"
"sjoelbak groot","sjoelbak groot","9","Ja","2986"
"sjoelbak haaks","sjoelbak haaks","9","Nee","2987"
"sjoelbak normaal","sjoelbak normaal","9","Nee","2988"
"sjoelbak spiegel","sjoelbak spiegel","9","Nee","2989"
"skippybal","skippybal","9","Nee","2990"
"slang klem","slang klem","3","Nee","2991"
"sleg ijzer","sleg ijzer","3","Nee","2992"
"sleutels","sleutels","3","Nee","2993"
"soundmixer","soundmixer","4","Nee","2994"
"spiegel","spiegel","3","Nee","2995"
"spiegelschrijven","spiegelschrijven","9","Nee","2996"
"spoelbak","spoelbak","3","Nee","2997"
"spoelborstel","spoelborstel","3","Nee","2998"
"sponzen","sponzen","3","Nee","2999"
"statafel","statafel","3","Nee","3000"
"stekkerblok","stekkerblok","3","Nee","3001"
"stelten","stelten","9","Nee","3002"
"step","step","9","Nee","3003"
"stiften dik kleur","stiften dik kleur","10","Nee","3004"
"stiften dik zwart","stiften dik zwart","10","Nee","3005"
"stiften normaal","stiften normaal","10","Nee","3006"
"stoel","stoel","3","Nee","3007"
"stof knutsel","stof knutsel","10","Nee","3008"
"stokpaardje","stokpaardje","9","Nee","3009"
"stokvangspel","stokvangspel","9","Nee","3010"
"stopwatch","stopwatch","9","Nee","3011"
"stormbaan","stormbaan","9","Nee","3012"
"strandbal","strandbal","9","Nee","3014"
"stroboscoop","stroboscoop","4","Nee","3015"
"stroomhaspel 10 mtr","stroomhaspel 10 mtr","3","Nee","3016"
"stucloper","stucloper","3","Nee","3017"
"tacker","tacker","3","Nee","3018"
"tafel","tafel","3","Nee","3019"
"tafel tennis racket","tafel tennis racket","9","Nee","3020"
"tafelkegelspel","tafelkegelspel","9","Nee","3021"
"tafeltennistafel","tafeltennistafel","9","Nee","3022"
"tandenstoker","tandenstoker","10","Nee","3023"
"tennisracket hout","tennisracket hout","9","Nee","3024"
"tennisracket plastic","tennisracket plastic","9","Nee","3025"
"theedoek","theedoek","3","Nee","3026"
"tollenspel","tollenspel","9","Nee","3028"
"touw springtouw","touw springtouw","9","Nee","3029"
"touw touwtrek","touw touwtrek","9","Nee","3030"
"trampoline","trampoline","9","Nee","3031"
"trapezoide","trapezoide","9","Ja","3032"
"trekbiljart","trekbiljart","9","Nee","3033"
"trekkers","trekkers","3","Nee","3034"
"trou madame","trou madame","9","Nee","3035"
"tuinslang","tuinslang","3","Nee","3036"
"tv","tv","8","Nee","3037"
"veiligheidsbril","veiligheidsbril","1","Nee","3039"
"veiligheidspeld","veiligheidspeld","3","Nee","3040"
"verkleedkleren","verkleedkleren","8","Nee","3041"
"videoband","videoband","3","Nee","3042"
"vier op een rij","vier op een rij","9","Nee","3043"
"visspel","vishengelspel","9","Nee","3044"
"vlaggen","vlaggen","3","Nee","3046"
"vlaggetjes haspel","vlaggetjes haspel","3","Nee","3047"
"vliegend tapijt","vliegend tapijt","9","Nee","3048"
"vlot","vlot","1","Ja","3049"
"voeldoos","voeldoos","9","Nee","3050"
"voeldoos attributen","voeldoos attributen","3","Nee","3051"
"voetbal gatenbord","voetbal gatenbord","9","Nee","3052"
"volleybalnet","volleybalnet","9","Nee","3053"
"volleybalpalen","volleybalpalen","9","Nee","3054"
"vouwblaadjes","vouwblaadjes","10","Nee","3055"
"vuilnisbak normaal","vuilnisbak normaal","1","Nee","3056"
"vuilniszak doorzichtig","vuilniszak doorzichtig","10","Nee","3057"
"vuilniszak geel","vuilniszak geel","10","Nee","3058"
"waarzegbol","waarzegbol","9","Nee","3059"
"wasco doosje","wasco doosje","10","Nee","3060"
"waterpistool","waterpistool","3","Nee","3061"
"waterpomptang","waterpomptang","3","Nee","3062"
"waxinelichtjes","waxinelichtjes","10","Nee","3063"
"werpspel","werpspel","9","Nee","3064"
"wiebelbak","wiebelbak","9","Nee","3065"
"wijnglaasje plastic","wijnglaasje plastic","3","Nee","3066"
"zaklamp","zaklamp","3","Nee","3067"
"zandloper","zandloper","6","Nee","3068"
"zeil dek","zeil dek","3","Nee","3069"
"zeil plastic","zeil plastic","10","Nee","3070"
"zenuwspiraal","zenuwspiraal","9","Nee","3073"
"zweedse bank","zweedse bank","3","Ja","3074"
"zaagplaat","zaagplaat","10","Nee","3075"
"barbecue groot","barbecue groot","7","Nee","3076"
"barbecue klein","barbecue klein","7","Nee","3077"
"barkruk","barkruk","7","Nee","3078"
"BBQ tangen","BBQ tangen","7","Nee","3079"
"gamellen","gamellen","7","Nee","3081"
"gasfles","gasfles","7","Nee","3083"
"gasstel","gasstel","7","Nee","3084"
"haring hout","haring hout","7","Nee","3085"
"jerrycan","jerrycan","3","Nee","3087"
"pan 20 ltr","pan 20 ltr","7","Nee","3088"
"piopalen blauw (1.5 mtr)","piopalen blauw (1.5 mtr)","7","Nee","3089"
"piopalen geel (3.75 mtr)","piopalen geel (3.75 mtr)","7","Ja","3090"
"piopalen groen (2.75 mtr)","piopalen groen (2.75 mtr)","7","Ja","3091"
"piopalen rood (1 mtr)","piopalen rood (1 mtr)","7","Nee","3092"
"piopalen wit (4-7 mtr)","piopalen wit (4-7 mtr)","7","Ja","3093"
"piotouw krat","piotouw krat","7","Nee","3094"
"piotouw stuk","piotouw stuk","7","Nee","3095"
"pollepel","pollepel","7","Nee","3096"
"slaapzak","slaapzak","7","Nee","3097"
"vuurton","vuurton","3","Nee","3099"
"opblaasbaar (water)badje","opblaasbaar (water)badje","9","Ja","3101"
"krijtwagen","krijtwagen","3","Nee","3102"
"Post-its",,"3","nee","3104"
"pen",,"3","nee","3105"
"stiften textiel",,"3","nee","3106"
"Bellenblaas",,"9","nee","3108"
"Licht staafjes/sterren",,"6","nee","3109"
"landbouw stokjes",,"6","nee","3111"
"leer",,"10","nee","3112"
"party tent groot",,"1","nee","3113"
"snack",,"10","nee","3114"
"frituurpan",,"2","nee","3115"
"keuken bijl",,"3","nee","3116"
"hakblok",,"3","nee","3117"
"houtblokken",,"3","nee","3118"
"lamp standaard",,"7","nee","3119"
"Telefoonkaarten",,"1","nee","3123"
"Glazen potje",,"5","nee","3124"
"boodschappentas/mandje",,"1","nee","3125"
"vliegenmepper",,"1","nee","3127"
"tierips",,"1","nee","3128"
"Glitters",,"10","nee","3132"
"Diepvries erwt",,"10","nee","3133"
"sealvellen",,"3","nee","3134"
"eierwekker",,"1","nee","3135"
"Water",,"6","nee","3136"
"tape",,"3","nee","3137"
"pak vla",,"2","nee","3138"
"Waterbalon",,"9","nee","3139"
"Dartpijlen",,"9","nee","3140"
"Bel",,"9","nee","3141"
"snoetenpoetsers",,"10","nee","3143"
"stempelkaarten",,"1","nee","3144"
"bekerhelmspel",,"1","nee","3145"
"plastic bakjes",,"1","nee","3146"
"schmink sponsjes/kwasten",,"1","nee","3148"
"tuinslang spuitstuk",,"1","nee","3149"
"werkhandschoenen",,"3","nee","3150"
"Krant",,"3","nee","3151"
"Zwart Wit Tegels",,"3","nee","3152"
"Stoeptegels",,"1","nee","3153"
"Rijplaten",,"1","nee","3154"
"Funslang (spel)",,"9","ja","3155"
"Jurkvoetbal",,"9","nee","3156"
"Unihockeygoal",,"9","nee","3157"
"Duimstok",,"1","nee","3158"
"IBC-vaten",,"6","nee","3159"
"Deksels",,"9","nee","3162"
"Speciekuip",,"8","nee","3163"
"gieter (klein)",,"3","nee","3165"
"badmintonpaal",,"9","nee","3166"
"eendenvisspel",,"6","nee","3167"
"tie wraps",,"3","nee","3168"
"aardappelschilmesje",,"5","nee","3169"
"Badlakens",,"3","nee","3170"
"Shotglaasje",,"3","nee","3172"
"T-shirt (wit)",,"10","nee","3173"
"Zwaarden (rubber)",,"3","nee","3174"
"Zandzakjes",,"3","nee","3175"
"Vormpjes voor zandbak",,"3","nee","3176"
"Knackworst Halal",,"2","nee","3177"
"Appelmoes",,"2","nee","3178"
"Emmer klein",,"1","nee","3179"
"Kleinduimpjes",,"1","nee","3180"
"Klaptafel scouting",,"7","nee","3181"
"Klapbank scouting",,"7","nee","3182"
"Spijkerpoepen krat",,"9","nee","3183"
"Medische spuit",,"0","nee","3184"
"laboranten bril",,"0","nee","3185"
"reageerbuisjes",,"0","nee","3187"
"Spaghetti",,"2","nee","3189"
"Ei",,"2","nee","3190"
"blik ananas",,"2","nee","3191"
"Eierkoek",,"2","nee","3192"
"ijsblokjes",,"2","nee","3194"
"chips",,"2","nee","3195"
"smoelenpoetsers",,"3","nee","3196"
"Blusdeken",,"5","nee","3197"
"Brandblusser",,"5","nee","3198"
"Lichtslangen",,"8","nee","3199"
"Wijn fles",,"2","nee","3200"
"Krat fris",,"2","nee","3201"
"Sirene",,"1","nee","3202"
"fietssleutelbakjes 7/8",,"6","nee","3203"
"behangrol",,"3","nee","3204"
"insteekhoes A4",,"3","nee","3205"
"bivakmutsen",,"8","nee","3206"
"ping pong batjes",,"9","nee","3207"
"weckpot",,"3","nee","3208"
"Engelse drop",,"2","nee","3209"
"sticker wit",,"3","nee","3210"
"popcorn zout",,"2","nee","3211"
"overig",,"1","nee","3214"
"leesboek",,"5","nee","3215"
"tentje",,"1","nee","3219"
"zwembadje",,"1","nee","3220"
"naaigarnituur",,"8","nee","3222"
"sokken",,"1","nee","3223"
"haspel 50m",,"5","nee","3226"
"pindakaas",,"2","nee","3229"
"salami",,"2","nee","3231"
"chocoladepasta",,"2","nee","3232"
"kledinghangers",,"3","nee","3233"
"spijkerbroek",,"1","nee","3234"
"hoeslaken",,"1","nee","3235"
"koffer",,"1","nee","3236"
"paperclips",,"1","nee","3237"
"spuitbus",,"10","nee","3238"
"sloten",,"8","nee","3239"
"kettingzaag",,"8","nee","3240"
"Breinaald",,"1","nee","3243"
"Wasmachine",,"8","nee","3244"
"Waslijn",,"5","nee","3245"
"Wasknijpers",,"5","nee","3246"
"Cheque",,"10","nee","3250"
"Tapijt",,"9","nee","3251"
"Kartonnen doos (groot)",,"10","nee","3252"
"emmer (groot)",,"9","nee","3254"
"bestekbak",,"7","nee","3256"
"slabak",,"7","nee","3257"
"Icepacks",,"6","nee","3258"
"meethout",,"9","nee","3259"
"hooibalen",,"9","nee","3260"
"pennen",,"3","nee","3261"
"watjes",,"1","nee","3262"
"nagellak",,"1","nee","3263"
"Spooktochtspullen",,"7","nee","3264"
"touw",,"3","nee","3265"
"Tekening W-Plein",,"1","nee","3266"
"Podium (5x2.5x1)",,"1","ja","3267"
"Poort constructie",,"1","ja","3268"
"Podium (5x5x0.5)",,"1","ja","3269"
"Vouwladder",,"3","nee","3270"
"Steekschop",,"3","nee","3271"
"gele vlaggetjes",,"3","nee","3272"
"Zomerspelen vlag groot",,"3","nee","3273"
"Cos krat",,"1","nee","3274"
"waterpas",,"3","nee","3275"
"Persspullen",,"1","nee","3276"
"Calamiteitenplannen",,"1","nee","3277"
"Hesjes pers",,"0","nee","3278"
"Merchandise",,"0","nee","3280"
"Kwart rondjes (geel-zwart)",,"0","ja","3282"
"Podiumplanken + bevestiging 1x1m",,"0","nee","3283"
"Fotodoeken",,"0","nee","3284"
"Poortdeur doeken",,"0","nee","3285"
"afrokdoek",,"1","nee","3286"
"Zomerspelen fakkel",,"1","nee","3287"
"Rookmachine groot",,"4","nee","3289"
"stroomaansluiting sleutel",,"1","nee","3290"
"stekkers gemeente kast (marktstekkers)",,"1","nee","3291"
"krachtkabel + paddenstoel",,"1","Ja","3293"
"Geluid (groot) + draadloos mic",,"4","nee","3294"
"stroomhaspel 100m",,"1","nee","3295"
"muziek",,"4","nee","3296"
"schroeftol",,"1","nee","3297"
"parkeerverbod bord",,"1","nee","3298"
"bord fietsenstalling",,"1","nee","3299"
"bord pers/EHBO",,"1","nee","3300"
"verbodbord fietstenstalling",,"1","nee","3301"
"Tekening Bergen",,"0","nee","3302"
"Materiaalboeren kistje",,"0","nee","3303"
"OW-podium",,"0","nee","3304"
"Dranghekkenkar (leeg)",,"0","ja","3305"
"papierprikkers",,"0","nee","3306"
"Boomstam",,"0","nee","3307"
"Ballonnen /afrokdoeken / gele vlaggetjes / punaises e.d.",,"0","nee","3308"
"Krat frisdrank",,"0","nee","3309"
"Sleutel scouting Sintjozef",,"0","nee","3310"
"Kampvuurpaal touw",,"0","nee","3311"
"Zomerspelen vlag",,"1","nee","3312"
"Medailles",,"10","nee","3313"
"Zakjes/ stickers + paar pennen",,"1","nee","3314"
"portofoon",,"4","nee","3315"
"Lichtmast (kar)",,"0","nee","3316"
"Doosje stoppen",,"0","nee","3317"
"parren spots",,"0","nee","3318"
"Stookhout",,"0","nee","3320"
"Balk met doek en peut (stookstok)",,"0","nee","3322"
"Kampvuurvlag",,"0","nee","3323"
"Peut",,"0","nee","3324"
"Stook-handschoenen",,"0","nee","3325"
"Decorstukken",,"0","nee","3326"
"Bord: â€˜Alleen voor kinderenâ€™",,"0","nee","3327"
"Borden huisregels",,"0","nee","3328"
"Borden: Pers / stookhout / EHBO",,"0","nee","3329"
"Benodigdheden invalide vak (bordjes, grondplaten)",,"0","nee","3330"
"Kratje bier",,"0","nee","3331"
"Partytent klein",,"0","nee","3332"
"reuzeballonnen",,"0","nee","3333"
"skydancer",,"0","nee","3335"
"55 jubileum doeken",,"0","nee","3336"
"bankstel",,"0","nee","3338"
"museum paaltje",,"0","nee","3339"
"Poster",,"1","nee","3342"
"verhaal",,"3","nee","3343"
"Koekenpan",,"5","nee","3345"
"Pannenkoeken",,"2","nee","3346"
"Luiers (groot)",,"5","nee","3347"
"Vliegers",,"9","nee","3348"
"Petjes",,"1","nee","3349"
"Ronde haakjes",,"1","nee","3351"
"Tandenborstels",,"1","nee","3352"
"Oude kleding",,"1","nee","3355"
"Krukje",,"3","nee","3356"
"Bierviltjes",,"8","nee","3357"
"Verfspuitbus goud",,"10","nee","3358"
"Riem gatenmaker",,"1","nee","3359"
"Scharen",,"1","nee","3360"
"Schoenendoos",,"1","nee","3364"
"Jongleerbal",,"9","nee","3365"
"Plantenspuit",,"1","nee","3366"
"Pittenzak",,"9","nee","3367"
"Afvalsorteerbordjes",,"6","nee","3372"
"Mijnenveegspel",,"6","nee","3373"
"Quiz-vragen",,"6","nee","3374"
"Postbus",,"6","nee","3375"
"Groepskaarten",,"6","nee","3376"
"Paraplu",,"8","nee","3378"
"Zwart doek",,"8","nee","3379"
"monitor",,"4","nee","3381"
"boeken",,"3","nee","3382"
"Smarties",,"2","nee","3383"
"gereedschap",,"3","nee","3384"
"Scherm",,"3","nee","3385"
"kruisje rondje klein","kruisje rondje groot","0","nee","3386"
"Ballenbak luchtkussen",,"9","ja","3387"
"springslurf",,"9","nee","3388"
"Haarelastiekjes",,"1","nee","3390"
"kam",,"1","nee","3393"
"veertjes",,"1","nee","3394"
"Computer onderdelen",,"8","nee","3395"
"Elektriciteitsdraden",,"1","nee","3396"
"Koptelefoon",,"8","nee","3397"
"Lijmklem (knijper)",,"1","nee","3398"
"Silent disco",,"4","nee","3399"
"kraam",,"3","Ja","3400"
"Speaker",,"4","nee","3401"
"Blower springkussen",,"1","nee","3403"
"Visnet",,"9","nee","3404"
"Verrekijker",,"1","nee","3405"
"projectie scherm",,"4","nee","3406"
"loopbroek",,"9","nee","3407"
"touwladder",,"9","nee","3408"
"waterflesjes",,"2","nee","3409"
"hapjes",,"2","nee","3410"
"Ijsjes",,"2","nee","3412"
"Fietsbanden",,"9","nee","3413"
"Kapiteinspet",,"8","nee","3419"
"Pruik",,"8","nee","3420"
"velgen",,"6","nee","3422"
"auto",,"0","nee","3423"
"schroevendraaier",,"3","nee","3424"
"haakse hoek",,"0","nee","3425"
"overall",,"1","nee","3426"
"zeem",,"6","nee","3427"
"oorbeschermer",,"6","nee","3428"
"oude apparatuur",,"0","nee","3429"
"Twister Groot",,"9","nee","3430"
"lessenaar",,"8","nee","3431"
"leren jack",,"0","nee","3432"
"zonnebril",,"0","nee","3433"
"motorhelm",,"0","nee","3434"
"Poncho",,"10","nee","3435"
"zomerspelen boek",,"0","nee","3437"
"Ontbijt",,"2","nee","3438"
"Plastic bord",,"2","nee","3439"
"Toiletpapier",,"10","nee","3440"
"Frame doeken poort",,"1","ja","3441"
"Doeken voor frame poort",,"1","nee","3442"
"Spanband Groot",,"3","nee","3443"
"Theaterdoek",,"1","nee","3444"
"Plaatjes (gelamineerd)",,"10","nee","3446"
"Zonnebrand",,"5","nee","3447"
"Sandalen",,"3","nee","3448"
"Vergrootglas",,"3","nee","3449"
"Opblaas taart",,"8","nee","3451"
"wierook",,"8","nee","3452"
"Glazen bak",,"3","nee","3453"
"Gekleurd zand",,"1","nee","3454"
"Popcornmachine",,"5","nee","3455"
"Papieren feesthoedjes",,"10","nee","3456"
"Silent disco koptelefoons",,"9","nee","3458"
"RGB LED par",,"4","nee","3459"
"Nepplanten",,"8","nee","3460"
"Plastictas",,"10","nee","3461"
"Verzamelitem",,"1","nee","3462"
"Kippengaas",,"10","nee","3463"
"Mini-geluidsbox",,"4","nee","3464"
"Trommel",,"9","nee","3465"
"Fluit",,"9","nee","3466"
"Toeter",,"9","nee","3467"
"Klapperhandjes",,"9","nee","3468"
"Glowsticks",,"3","nee","3469"
"Zwemband",,"9","nee","3470"
"Dozenpuzzel",,"0","ja","3471"
"Memorie",,"0","nee","3472"
"Puzzel waarop een aanwijzing staat",,"0","nee","3473"
"Tetris spel",,"9","nee","3474"
"Kartonnen sterren",,"0","nee","3475"
"Poepschep",,"0","nee","3476"
"Kartonnen twistermat",,"0","nee","3477"
"Gasbrander",,"7","nee","3478"
"Schepijs",,"2","nee","3479"
"Broodmes",,"2","nee","3480"
"Curry fles",,"2","nee","3481"
"Plattegrond",,"9","nee","3482"
"Mobiele geluidsset",,"4","nee","3483"
"Korfbalpaal",,"9","nee","3484"
"Banaan",,"2","nee","3485"
"Aardbeien",,"2","nee","3486"
"Peer",,"2","nee","3487"
"Gekleurde linten voor versieringen",,"0","nee","3488"
"Cadeaupapier",,"0","nee","3489"
"Bloempotten",,"8","nee","3490"
"Melkkoe",,"9","nee","3491"
"Parasolletjes",,"5","nee","3492"
"pallets",,"0","ja","3493"
"tie wraps",,"0","nee","3494"
"Rol stroomdraad",,"10","nee","3495"
"Hamertjetik",,"9","nee","3496"
"Kniptang",,"3","nee","3497"
"Leugendetector van giebelen",,"9","nee","3498"
"Vergiet",,"3","nee","3499"
"Statief",,"3","nee","3500"
"Magnetron",,"3","nee","3501"
"Appelsap",,"2","nee","3502"
"Zout",,"2","nee","3503"
"Basilicumolie",,"2","nee","3504"
"Heksenhoed",,"8","nee","3505"
"Glazenbol",,"8","nee","3506"
"Taken en bladeren",,"6","nee","3507"
"Kerstversiering",,"1","nee","3508"
"Gember",,"2","nee","3509"
"Verband",,"6","nee","3510"
"Aanhangwagen klein",,"6","nee","3511"
"houtblok/sfeerhaard",,"8","nee","3512"
"Kaneel",,"2","nee","3513"
"Laboratorium glaswerk",,"8","nee","3514"
"slagbal plankjes",,"9","nee","3515"
"voetstukken bouwhek",,"1","ja","3516"
"ponsjes",,"9","nee","3517"
"lintjes",,"9","nee","3518"
"Bakfiets",,"1","nee","3519"
"Kruk",,"1","nee","3520"
"Flexibelebuis",,"1","nee","3521"
"springslurf",,"9","nee","3522"
"Schilderijlijst",,"8","nee","3523"
"pomp elektrisch (springslurven)",,"3","nee","3524"
"Luchtslurf",,"9","nee","3525"
"Gele ranja",,"2","nee","3526"
"Groene ranja",,"2","nee","3527"
"Rode ranja",,"2","nee","3528"
"Oranje fietsvlag",,"0","nee","3529"
"stokbrood",,"2","nee","3530"
"kaasschaaf",,"3","nee","3531"
"Maillot",,"10","nee","3532"
"Dubbelzijdig Klittenband",,"10","nee","3533"
"Tyrap",,"10","nee","3534"
"Jonge kaas",,"2","nee","3535"
"Oude kaas",,"2","nee","3536"
"Brie",,"2","nee","3537"
"Franse kaas",,"2","nee","3538"
"Croquet-poortjes",,"9","nee","3539"
"Croquet sticks",,"9","nee","3540"
"Croquet bal",,"9","nee","3541"
"Zwemnoodle",,"9","nee","3542"
"golfclubs",,"9","nee","3543"
"Autoband incl velg",,"6","nee","3544"
"moersleutel",,"6","nee","3545"
"Calamiteitentas",,"3","nee","3546"
"Handafdrukken (papier)",,"10","nee","3547"
"nooduitgang banners",,"1","nee","3548"
"Huisregel banners",,"1","nee","3549"
"Ingang voor kinderen banners",,"0","nee","3550"
"Drank",,"2","nee","3551"
"Traanplaat",,"5","ja","3552"
"Koffie/thee en toebehoren",,"2","nee","3553"
"Shirt",,"3","nee","3554"
"Krat muntenbak/muntentellers",,"3","nee","3555"
"Wisselgeld",,"6","nee","3556"
"Voorzetbar",,"3","ja","3557"
"Polsbandjes",,"3","nee","3558"
"Impregneermiddel",,"3","nee","3559"
"Boerentafel",,"5","ja","3560"
"Tapijttegel",,"9","nee","3561"
"Twister klein",,"9","nee","3562"
"Kruiptunnel opblaasbaar",,"9","nee","3563"
"Logo",,"8","nee","3564"
"Stelling",,"8","nee","3565"
"boodschappen",,"8","nee","3566"
"Telefoon",,"8","nee","3567"
"Handspiegel",,"9","nee","3568"
"Aanhanger-net",,"3","nee","3569"
"Winkelwagen",,"9","nee","3570"
"rolcontainer",,"8","nee","3571"
"Laser",,"4","nee","3572"
"Eierdoos",,"2","nee","3573"
"Foto's klein",,"1","nee","3574"
"Afwasborstel",,"1","nee","3575"
"Prikpennen en matjes",,"1","nee","3576"
"Zandkasteelemmertje",,"1","nee","3577"
"Limbostok",,"9","nee","3578"
"Mastermind (gezelschapsspel)",,"9","nee","3579"
"Markeerstiften",,"1","nee","3580"
"opblaastunnels",,"9","ja","3581"
"sponsbal",,"9","nee","3582"
"bakstenen",,"8","nee","3583"
"schoonmaakkratje",,"1","nee","3584"
"Kartonnen bordjes",,"10","nee","3585"
"Flippers",,"9","nee","3586"
"Lege flessen",,"9","nee","3587"
"Toetsenbord",,"10","nee","3588"
"Zoemer",,"4","nee","3589"
"Hoofddeksel",,"1","nee","3590"
"Mollenluchtspel",,"9","ja","3591"
"Purschuim",,"3","nee","3592"
"Purschuim",,"3","nee","3593"
"Plastic regenpijp",,"9","nee","3594"
"Afvalprikkers",,"9","nee","3595"
"Opblaas walvis",,"9","nee","3596"
"Opblaas krokodil",,"9","nee","3597"
"Plastic scheppen",,"8","nee","3598"
"ijskar",,"2","nee","3599"
"Knal apparaat",,"1","nee","3600"
"Witte masker",,"8","nee","3601"
"Mos",,"8","nee","3602"
"kunstgras",,"0","nee","3603"
"Kaarsen",,"8","nee","3604"
"Dier",,"0","nee","3605"
"Appelstroop",,"2","nee","3606"
"Memoblaadjes",,"1","nee","3607"
